passenger_id,passenger_name,contact_data
OKG28208,Maggee Kimmel,+30 6911828192
IXO29801,Nerissa Ayton,+30 6988273616
QUY74079,Kata Hiner,+30 6913719931
DPP62611,Chevalier Romand,+30 6992687658
LYI13198,Waverley Gillet,+30 6926922282
BHN12846,Nanine Sigart,+30 6990166144
RNN74177,Verge Gallifont,+30 6999748611
RUY81194,Patty Hollow,+30 6988099538
TWE27086,Jon Bealing,+30 6979728243
XOA06731,Kearney Broadbear,+30 6992176473
BIU00020,Nonnah Gettings,+30 6918377486
WDA75778,Dorian Grimbaldeston,+30 6942754280
KXR27522,Andrej Well,+30 6940132460
FUL02011,Maximo Ayliff,+30 6950782733
MWQ23933,Mela Stamp,+30 6977286332
SHM42124,Gertie Grassett,+30 6959566223
KFC54890,Ally Pays,+30 6932987457
AAX43873,Mort Hanhard,+30 6967023654
ZWU47044,Gustavo Bollon,+30 6986253301
VVT90895,Niels Bantick,+30 6946466499
ZTN99865,Peyton Aymeric,+30 6948184428
BHH43906,Datha Littley,+30 6967293881
EUP39018,Ceciley Beeho,+30 6931363580
IOG56808,Nathanil Peele,+30 6906158890
RTK41996,Lotti Huriche,+30 6928524105
RYF56699,Lothaire Guisby,+30 6983011602
AHT74994,Merrel Peery,+30 6931070146
VHN56416,Duffy Thickpenny,+30 6929803308
KRJ29682,Kingsly Robak,+30 6961129066
PSO61956,La verne Havill,+30 6991186428
BZH14320,Denis McKean,+30 6923600054
PMP94813,Clemens Rickert,+30 6987725856
PJP57473,Bank Scarre,+30 6940319819
VHH30571,Liesa Bickers,+30 6969335795
JNN47754,Holly Folker,+30 6925646697
ZSY48291,Eolanda Fenlon,+30 6987103721
VEN43042,Ibby Gelland,+30 6902723636
BGM09667,Sadie Cakebread,+30 6935225504
HXW39444,Obediah Madrell,+30 6984192843
LVX11508,Rodge Nickell,+30 6902648341
YSR78774,Rorke Dornan,+30 6988952959
SQL32642,Jonathon Warbys,+30 6968457045
EYO53083,Hamlen Stedman,+30 6908768491
JKS64732,Trefor Karolewski,+30 6933913762
EFE28437,Alaster Jaggs,+30 6961490957
YHO86617,Ronald Rochford,+30 6987398801
YID95637,Jodi Baudone,+30 6999631909
EOM16015,Judith Binch,+30 6938691348
NGT61714,Josefa Sadgrove,+30 6928091497
EEX73856,Carita Finlan,+30 6913618798
CWQ42991,Elysia Kerrane,+30 6904426619
UNY73588,Lurleen Kinnar,+30 6915086647
YKZ53033,Sindee Shevels,+30 6985752525
KNB86603,Theresa Jancic,+30 6992867878
VRR74952,Hyacinthe Pratley,+30 6915842529
XWE55115,Johnnie Andrassy,+30 6956403082
IFT90160,Briana Belamy,+30 6958578785
LXX38549,Clemente Othen,+30 6930706121
ISC70394,Tuckie Hutchison,+30 6935946213
MLU65552,Meaghan Portal,+30 6996281840
CIO48247,Laurie Vowels,+30 6916017755
KPO59575,Quintus Pellissier,+30 6946270985
SZV04737,Vania Peiro,+30 6971599956
BTC45810,Galvan Strelitzki,+30 6954534081
XOY35184,Ginger Brownlee,+30 6975316305
QYU75025,Iago Gantlett,+30 6942639405
BYK17461,Sharleen Bowker,+30 6907321681
BTX10111,Claybourne Phelan,+30 6931151654
XCO95722,Berty Fradgley,+30 6991781873
TEB38186,Cristie Derrington,+30 6922980436
IXD48396,Kaylee Stapleton,+30 6969336367
YHD94823,Lillis Moreland,+30 6950551868
BHR68618,Shelden McGilroy,+30 6918547325
DBU58903,Bettine Chilley,+30 6923414576
CZB80751,Barbey O'Cosgra,+30 6907717549
ZXL95118,Shelagh Cowill,+30 6954243638
PIZ03232,Abagael Gero,+30 6931568449
TRV18852,Gibby Clawley,+30 6978365544
MCB80440,Baxter Reynoollds,+30 6906076105
XKL63716,Abby Mattocks,+30 6972912516
MTZ61921,Dorelle Ashcroft,+30 6946190330
PGI51227,Thedrick Defew,+30 6946361920
MTK54805,Maddy Cheasman,+30 6931013875
JQZ68955,Beale Penright,+30 6967797147
ZZL40002,Hastie Macci,+30 6974292865
CFI96567,Cazzie Drinkall,+30 6908010396
UHT00129,Goldia Hagger,+30 6985122507
NOX19366,Shirleen Parmiter,+30 6962815651
OQF68956,Horatia Elger,+30 6928171506
OMS14441,Ashleigh Geale,+30 6999502811
RRK61956,Darya Harby,+30 6920547174
NWX77710,Baxie Lace,+30 6980406753
FCF25020,Elizabet Huntington,+30 6990540002
OKR96449,Pavia Goodby,+30 6958225594
LVI15523,Michale Vinecombe,+30 6999611007
TWA00841,Clarinda MacKniely,+30 6903845077
EMY07713,Alfonso Smalley,+30 6933655344
NAP79602,Wilden Faas,+30 6937144707
ZNB99294,Sebastien Hearley,+30 6956377186
OLJ74445,Wes Chalcraft,+30 6916613189
RFB08581,Carlye Harflete,+30 6963201491
LDN27747,Rahel Inskipp,+30 6903555987
SEN87855,Johnathon Muddicliffe,+30 6945654583
FAS25284,Mile Mossdale,+30 6955849692
NKU50911,Burl Grisedale,+30 6916058078
GPG01069,Quinton McCloid,+30 6904883619
EYK40003,Adela Wesson,+30 6927734353
UNH46738,Lamont Sherrington,+30 6915112848
WQQ10934,Suzette Ferreo,+30 6929240998
FDB24661,Dynah Decort,+30 6921747169
RHN80848,Dur Graves,+30 6965417466
CDG44772,Marji Swinney,+30 6926708969
KEG84594,Filmer Haibel,+30 6905877405
UFD65483,Andrea Canty,+30 6948978646
IVS69301,Electra Firmage,+30 6910278140
KOZ51082,Kelli Faulo,+30 6983247110
SQM62245,Lily Gueinn,+30 6953815983
WGC87155,Lynette Veltman,+30 6942088346
LPA71092,Grace Naptine,+30 6956632219
BHZ00084,Elmira Beckitt,+30 6917405246
AEH58074,Suzie Josefsen,+30 6968339130
CNK23979,Jsandye Padden,+30 6960054741
QNZ59009,Nanette Antonomolii,+30 6978141845
FLN23577,Del Megroff,+30 6917714187
LGD22729,Tera Gillmor,+30 6950233288
BIR08421,Ebony Colthurst,+30 6990298470
AMT06673,Wallas Gley,+30 6904746762
SCS25722,Ethel Doward,+30 6979954772
WOC87765,Bar Petras,+30 6903357955
NHL39042,Kellina Hatzar,+30 6960928640
PAV64001,Johnna Hogben,+30 6982691622
KDN76747,Erminie Keyse,+30 6902416108
SFP96105,Kirstyn Gollin,+30 6986049896
FSQ90007,Jada Neeve,+30 6932551099
FME74425,Shauna McKeaveney,+30 6910596711
BHB69258,Harv Tyrwhitt,+30 6908543076
YIF03867,Linette Craighill,+30 6976206802
LEZ06437,Jeanette Benner,+30 6980552822
TVJ15139,Georgena Checcucci,+30 6947506807
POZ00092,Simonette Navein,+30 6961376425
HFY66443,Marnia Santorini,+30 6952318544
GKU64476,Salvador Dyhouse,+30 6989641881
ZBP00342,Di Zylbermann,+30 6903935119
NHA94687,Karia Gianninotti,+30 6952133955
BNO69778,Ivar Dennitts,+30 6982065298
PRT95803,Gage Merigeau,+30 6947420170
CSQ99227,Dotti Simonazzi,+30 6967638219
MSA90337,Berkly Jeenes,+30 6968579878
HYH01745,Roz Paireman,+30 6972998385
XFO96734,Catlaina Goldster,+30 6927162415
WMQ32096,Jillian Haile,+30 6918052034
BBO90877,Gina Andriulis,+30 6991142157
KIF68134,Benny Pratley,+30 6977179719
RYT42669,Nettle Cawtheray,+30 6926018001
ZZV33159,Cchaddie Deshorts,+30 6999440903
OOW37978,Tony Sterland,+30 6960863884
RXX64669,Taber Riply,+30 6938949035
ZAY77503,Keene Riccardo,+30 6979814889
PSF92036,Consuela Stare,+30 6924748291
JUY05705,Prudy McKibbin,+30 6978849891
UUD21708,Gasparo Wrefford,+30 6904533479
PFU54913,Elden Daenen,+30 6956269955
MIU06914,Giuditta Perillo,+30 6952047558
VOS93397,Orel Pauley,+30 6994208244
CBJ06325,Delphine Ruberry,+30 6984479325
GDO42089,Margaret Primak,+30 6970491270
EPN24395,Shayla Cromer,+30 6929141007
YNG87982,Teodoor Meeron,+30 6954162787
MGJ42013,Quintilla Birdsey,+30 6992182944
YSZ45684,Wilmar Nellies,+30 6927756871
YOB82628,Andeee Matula,+30 6957001807
UUE14245,Eden Keetch,+30 6996973906
BSO28222,Teresa Briscoe,+30 6994792852
QZC10354,Elsie Chapple,+30 6956911915
LPU64434,Lisabeth MacEveley,+30 6960498474
QTH37618,Valdemar Linck,+30 6906547914
YCU85191,Krystalle Rack,+30 6964250816
LLC89525,Ciro Cabral,+30 6947189265
ARC83477,Eben Daldry,+30 6913680840
BZN07072,Sidonnie Brahm,+30 6963698140
PEU03571,Goddard Pavolillo,+30 6915877544
ZYF78023,Robinette Grent,+30 6982029456
SPJ74917,Dall Edwardes,+30 6907071327
IKE37539,Heath Folliss,+30 6928828571
FDF27959,Ibbie Abramino,+30 6917954290
LKV68538,Krystle Summons,+30 6926954328
JDI46806,Stern Blackborough,+30 6938330235
BWB74102,Diann Sollam,+30 6932964376
WBI83117,Zena Coole,+30 6968480789
FSX87298,Bliss Ratt,+30 6946573766
MQT03299,Fredia Dinjes,+30 6997664691
JSW19934,Elyn Enoch,+30 6946057644
VWG67979,Bay Gorring,+30 6941787848
SVH52122,Aharon Catteroll,+30 6996301945
LRP17588,Regine D'Agostino,+30 6972400888
DNG77013,Marley Andric,+30 6977285224
VPG00019,Ann Wasylkiewicz,+30 6987418087
UDN50551,Manuel Langton,+30 6961818215
SIA75184,Pace Dudny,+30 6912253453
JWX29323,Roshelle Divver,+30 6984357734
GLQ00405,Nisse Bank,+30 6984200324
YKP97785,Miguelita Faussett,+30 6971348510
UXC24106,Tricia Wash,+30 6902886550
OYA49614,Lana Heathcott,+30 6925338090
XPB68965,Gracie Nisby,+30 6990330832
QPH00258,Giacobo Dominici,+30 6915943789
QZC13834,Keefe Worts,+30 6956631224
GLO85605,Minta Stoker,+30 6984377504
GSC34575,Dominique Alfonzo,+30 6966274045
GJF71088,Carmelita Kenningley,+30 6918573287
QMN38303,Lise Tickner,+30 6986874712
TRR50937,Berget Wingar,+30 6916464480
XPI75699,Theresina O'Corrigane,+30 6963915428
QWV42662,Darya Garth,+30 6956018097
GTK33521,Wilbur Cope,+30 6911519916
UBB08431,Micheline Albers,+30 6937211783
OTI73056,Ted Cannam,+30 6943954958
HDL41190,Renault Germaine,+30 6973997148
HFL53347,Junia Meryett,+30 6928367861
EBB89987,Stormie Whitwam,+30 6932238886
KXE14588,Valerie Planks,+30 6976356911
TSD75296,Cicely Spataro,+30 6947088672
AXX10266,Charita Muncer,+30 6906781424
OIU04751,Reggi Naulls,+30 6990693313
FJT29384,Howie Matterson,+30 6911069980
VQA55922,Marleah Karlolczak,+30 6981791772
VSN21811,Cirstoforo Hartup,+30 6955265346
KQY97047,Rosemaria Lougheed,+30 6974405690
UVZ74063,Standford McCaighey,+30 6925303611
AAP80927,Owen Pyne,+30 6998590455
OVP11290,Merrie Verbeke,+30 6998953395
PKN72477,Nananne Adkins,+30 6989613334
ANL79045,Beaufort Zappel,+30 6918682031
WJH76978,Wittie Filshin,+30 6976899412
QCD04553,Chloe Chaddock,+30 6902415315
KVD07344,Jana Skea,+30 6924486911
ZZQ64635,Silvia Camamill,+30 6926725589
RBX17153,Noemi Ivakin,+30 6957970182
GBW32196,Keefer Schultes,+30 6956010596
VBX83272,Freddy Hebden,+30 6967045966
HYT28453,Erv Crombleholme,+30 6927812186
GHZ76973,Christen Easterfield,+30 6966822898
KGK40157,Gabe Cheake,+30 6973330240
BBV76124,Millard Elegood,+30 6904056458
YOG67860,Staford Ramage,+30 6990872991
YQE39681,Issie Geffe,+30 6919396816
VSH37456,Andreana Yakunkin,+30 6922652366
CKZ01681,Barbara-anne Renfield,+30 6910737045
PIK26658,Manolo Bruster,+30 6910247172
BDM49948,Gareth Marskell,+30 6915573342
ILD22777,Lauralee Burnsyde,+30 6944128274
LCM32414,Brier Betton,+30 6960585729
IXN23725,Bernie Habden,+30 6948042032
VTT73478,Georas Henryson,+30 6934890260
PGQ67846,Kelly Eddison,+30 6985964343
GPD23483,Magda Hughman,+30 6974781890
OHQ04567,Leann Hallum,+30 6922407210
MLH84944,Othilie Paff,+30 6922316447
SYC31856,Gert Insall,+30 6957862527
CPG52410,Hart Longlands,+30 6963250419
YYB08936,Karita Bartosek,+30 6932423065
NBC90682,Gertie Rendall,+30 6918676159
IWG66117,Rocky Farrey,+30 6987026956
NOC39799,Reagan Adnams,+30 6999176625
BYD48495,Octavius Willmott,+30 6951595785
RPM37643,Camel MacCafferky,+30 6915249183
RWW16519,Sella Spurden,+30 6985135210
ZUX50720,Diane Hearmon,+30 6990717091
MYR50227,Billie Stokey,+30 6923306346
FEX25793,Dale Sawell,+30 6955687092
FRX01566,Orren Litchmore,+30 6986440717
MPS02629,Brigid Ainger,+30 6955980835
XKH78699,Adair Miko,+30 6912245185
XVI38225,Isak Enefer,+30 6960555069
PCQ62432,Heidie Jerger,+30 6968914722
RUV69979,Eduard Scougal,+30 6931548327
YJB27588,Hesther Agate,+30 6901387772
KZP75956,Kyla Sibbert,+30 6991873957
IMV17409,Luca McPhillips,+30 6917846696
YLR18410,Nico Dohmer,+30 6942413735
KAO00486,Ardelis Rosbottom,+30 6986591209
DPH75680,Gwenneth Mallion,+30 6927017073
DKX59637,Amitie McShea,+30 6926344415
BGI99002,Rochelle Tarrier,+30 6997183543
MKZ27715,Thatch Witch,+30 6900827236
CRM24920,Matias Feore,+30 6909500543
CMX35273,Archie Townsend,+30 6902537403
OCI29964,Norby Cowdray,+30 6978157430
ECA37871,Anjela Jesse,+30 6980376825
NSL10421,Fields Jouhandeau,+30 6914543570
PVG20845,Brion Aldgate,+30 6923172606
DLI33737,Tarra Colbridge,+30 6993285168
EIO28075,Culver Slide,+30 6976554043
HAQ37153,Far Hinnerk,+30 6924083351
EFE99390,Kevina Millhouse,+30 6922816961
GFU25534,Padriac Orritt,+30 6992958439
ZIG08458,Sergio Parkes,+30 6902327180
BOJ86389,Howard Scamp,+30 6908967189
RCP38825,Della Salliss,+30 6960953156
MOK27899,Wildon Guilford,+30 6968677681
TDF02468,Juli Heimann,+30 6994038147
OZC85193,Carolyn Lahiff,+30 6988667782
CAA41052,Conchita Krolik,+30 6905842155
LWN22804,Salem Mabbe,+30 6962199095
CGY17732,Lorna Ayre,+30 6902754747
HTH71001,Feodor Pleace,+30 6928270650
TAB64389,Suzanne Aizikov,+30 6922463389
BOT70260,Keven Briamo,+30 6995030989
RDG09281,Jaime Dearl,+30 6902402422
ZDY99899,Culver Dawes,+30 6904692588
WHG52940,Walther McAster,+30 6955683166
BGK28584,Richart Tysall,+30 6916054167
JRR81926,Frank Gannicott,+30 6955330470
WRV80713,Opaline Besset,+30 6949972366
ZIT83005,Janean Smethurst,+30 6946886702
WGA42909,Fredelia Stuke,+30 6992817899
NAZ61885,Engracia Batchelour,+30 6952432401
HPY92731,Kissie Goodban,+30 6958503080
ROZ52490,Dita Tupper,+30 6901723077
OCD09844,Darryl Pulman,+30 6986213802
UZK64214,Ricardo Ceely,+30 6964585913
GCY39323,Dionis Cutting,+30 6901309513
ENF37732,Heath Pressland,+30 6969816954
FTM08194,Sarene MacNair,+30 6974036331
SEM44335,Benetta Stroder,+30 6969458573
JSP17756,Isabelita Eglese,+30 6996067466
KAF24427,Lavinie Mitchener,+30 6974025944
TXL27735,Theo Stuehmeier,+30 6946233015
RFA67756,Heddi Bottlestone,+30 6999256480
HIW45363,Malynda Pringle,+30 6962294428
CQS39265,Erin Borg-Bartolo,+30 6947420049
BFF99999,Penny Caze,+30 6953485143
FRY50449,Ellette Niece,+30 6900812100
MBB90204,Sharon Winkless,+30 6997483227
KVK13366,Griffie Fusco,+30 6945044185
XWW45462,Forester Eldrid,+30 6914740642
SZU46129,Dehlia Burtonwood,+30 6960463074
JKZ50157,Rinaldo Cleobury,+30 6944930478
QRK68585,Myles Queenborough,+30 6921569580
AJA08221,Davin Cromarty,+30 6930331289
ATZ55961,Leeland Kalkhoven,+30 6928124552
ONB81016,Karel Feeham,+30 6998595423
GVO16921,Deedee Asple,+30 6994113713
YYV45609,Nealon Wollacott,+30 6920936179
OEM51520,Devora Codlin,+30 6988652217
YBC69613,Hermie Errichi,+30 6993676396
BTL46642,Klarrisa Whybrow,+30 6923049469
FVH76816,Lorilyn Melonby,+30 6904673367
PRX82145,Tann Vanyarkin,+30 6996128558
GCT82423,El Gierck,+30 6905853573
NDU29255,Beret Torrisi,+30 6929033428
FGL51146,Field Walak,+30 6934812433
GRJ72415,Bethena Narrie,+30 6942717646
BRL67978,Bonni de Leon,+30 6991464717
LFD35580,Bo Storr,+30 6946243470
PJR11811,Griz Quimby,+30 6980100029
BTI52211,Sidonnie Bowry,+30 6987875179
OBM37431,Randie Hadcock,+30 6994949658
MUS57260,Dore Skewis,+30 6900555206
WRJ71276,Joyce Kincey,+30 6907855367
FLD17728,Renault Naulty,+30 6921046204
UUN76075,Lynda McOrkil,+30 6900938101
EDY73655,Maddi Gristhwaite,+30 6960958397
UAC16269,Fran Kingswood,+30 6914622161
XWM73326,Letitia Heinsen,+30 6930906046
INH06694,Jaymie McHenry,+30 6922724821
EUA24253,Conrade Tabord,+30 6995574777
OPE01538,Anabella Forrestill,+30 6947383224
BWD71811,Reilly Bone,+30 6940074308
LMX07586,Elsa Slowley,+30 6945089221
SKR06299,Gerrard Cadreman,+30 6904661975
FOX76853,Berkeley Pietrzyk,+30 6916235239
LTM01816,Freeland Iacopini,+30 6931093777
ERY99690,Mil Freeborn,+30 6976406411
NIL20660,Margie Baumler,+30 6916353588
PZN35165,Lou Swyer,+30 6986368591
GRI00043,Cart Tavinor,+30 6965800793
RMW64284,Grace Storks,+30 6940805936
NHB80803,Florentia Screase,+30 6943111629
RJS47965,Saree Metrick,+30 6947527924
CPI83114,Esmeralda Edmand,+30 6923399153
STW17663,Ingaborg Starmont,+30 6908892201
WTV98214,Christabel Cornils,+30 6971361200
XLM20917,Mirilla Cleyne,+30 6950501486
LAH93699,Neal Horche,+30 6995520055
XTN56671,Wendel Howsego,+30 6901749539
NXX06491,Drusilla McCuish,+30 6956453962
HOR02837,Jodi Twyford,+30 6990377241
DXB14518,Fons Kaveney,+30 6925136872
AOC08050,Claribel Turn,+30 6978140261
ONF37576,Frederique Diment,+30 6912401804
GWK66231,Kele Welchman,+30 6979465341
ANX80780,Richmond Safhill,+30 6944120220
REH05568,Kelcie Lock,+30 6916383913
WVC00493,Kermit Moorcraft,+30 6979304095
CDU72081,Mildred Ateridge,+30 6956655918
DLF32087,Phillie Relfe,+30 6995460023
GJY59873,Mort Wesley,+30 6935785869
YMJ01823,Gabie Siddele,+30 6933338479
JOJ71465,Joly Swancock,+30 6941673094
CUX54703,Harri Mauser,+30 6916878496
SUV04026,Daffi Wynrahame,+30 6965052073
CZK80069,Westleigh Meiner,+30 6960195273
GUU31467,Tandi Middleton,+30 6981108265
WMA34436,Tuesday Clemens,+30 6901150840
NMA16659,Arch Leborgne,+30 6975393247
BLC00210,Tani Sarge,+30 6932512298
RKN58247,Catherine Haberjam,+30 6916594872
VFX97447,Horatio Plessing,+30 6923691687
RSB68961,Liza MacKnocker,+30 6941671545
HTY04350,Nathanael Spritt,+30 6993911541
YQD75261,Gusta Manoelli,+30 6916876156
NQA08182,Marthena Vasovic,+30 6998028821
AIU33973,Kinnie Stirrup,+30 6980596668
SZE84850,Cari Czapla,+30 6933218849
XXZ40706,Darla Audas,+30 6953071103
FNF28310,Wilden Sawell,+30 6978401574
PLR35696,Brodie Freyne,+30 6988877874
VZU16778,Evelyn Hexham,+30 6916561134
JOM59314,Filippo Gladman,+30 6981133181
RBO87648,Nari Caddock,+30 6906681227
CXC62249,Angelico Kinworthy,+30 6901077029
XMT54883,Georgianna Thaller,+30 6911357109
MIC59046,Poul Beverstock,+30 6957105135
HAL13711,Val Coleridge,+30 6948808721
FTK13090,Terri Piggott,+30 6932301230
ZYB00119,Rita Truckell,+30 6978631070
MUF48930,Pepita Sheals,+30 6967353900
MQX01601,Zenia Dummett,+30 6909512793
LIK65447,Kiley Ruddle,+30 6912238211
VON48488,Henry Germon,+30 6966461565
AME62975,Lucia Sandey,+30 6980591502
SCZ51447,Hartley Sotham,+30 6953206006
ELE76871,Zsa zsa Swanborough,+30 6972242829
LPU16532,Belinda Rabbe,+30 6939586184
SBM97989,Ulrikaumeko Rickards,+30 6944614020
WOS88099,Elbert Alenichicov,+30 6912430567
MTG78013,Olympia Rother,+30 6986139595
DDH60694,Baillie Vanyukov,+30 6914493620
GPL18238,Cam Grouvel,+30 6937153407
OSW44410,Riobard Covolini,+30 6987500074
XEN78708,Devora Mingey,+30 6993572020
WFI52572,Renie Ellerton,+30 6900428563
AMB87016,Joellyn Popescu,+30 6991544343
LIA67747,Henrietta Pullin,+30 6954570357
BID25585,Putnam Prestland,+30 6949071971
DZQ42167,Valle Long,+30 6922238220
EOR60443,Jerrilee Lathan,+30 6933861831
OMG82578,D'arcy Fryer,+30 6952658284
YZB50331,Laurena Gentzsch,+30 6971440133
VYH91797,Jeanine Brill,+30 6910792827
UKE72602,Modestine Emilien,+30 6946687276
NFN73681,Cos Tiuit,+30 6971435706
GHT91177,Antonio Rosso,+30 6926871081
DHR91187,George Mathy,+30 6959586890
PFO25092,Joycelin Feige,+30 6983097086
OLF08584,Katee Sinisbury,+30 6991879198
FVD86820,Carma Osgar,+30 6995761926
RXB36237,Budd Ambrodi,+30 6949056828
TDV54832,Kimberlyn Divisek,+30 6984159863
MTE34119,Katleen Poynor,+30 6939976225
SSZ14624,Marya Flynn,+30 6939660325
BXT38847,Raviv Michelotti,+30 6911409934
CPP71750,Othelia Banfield,+30 6976362014
GWS76796,Marta Shale,+30 6921175500
NBF08918,Garnette Caig,+30 6901631432
ZVO82136,Nathaniel Hulburd,+30 6954610555
ZBY28551,Ginger Blei,+30 6985594268
FIS74660,Lenee McCuffie,+30 6914625329
HKI22764,My Gascoyen,+30 6929972903
VQH69238,Michelina Howels,+30 6999027515
FES40851,Ashby Burchmore,+30 6944529978
